date,total_trades,total_pnl,avg_pnl,win_rate,avg_fee,avg_trade_size_usd,long_ratio,sentiment_regime,sentiment_binary
2023-05-01,3,0.0,0.0,0.0,0.0,159.0,0.0,Greed,1
2023-12-05,9,0.0,0.0,0.0,1.3890505555555555,5556.203333333334,0.0,Greed,1
2023-12-14,11,-205.43473700000007,-18.675885181818188,0.36363636363636365,2.5728028181818186,10291.213636363636,0.0,Greed,1
2023-12-15,2,-24.632033999999997,-12.316016999999999,0.0,1.3262445,5304.975,0.0,Greed,1
2023-12-16,3,0.0,0.0,0.0,1.279063,5116.256666666667,0.0,Greed,1
2023-12-17,14,304.982785,21.78448464285714,0.5,2.076392785714286,8305.572857142857,0.0,Greed,1
2023-12-18,2,0.0,0.0,0.0,3.8955225,15582.089999999998,0.0,Greed,1
2023-12-19,15,1000.5386120000001,66.70257413333334,0.6666666666666666,1.5267064,6106.827333333334,0.0,Greed,1
2023-12-20,18,162.732282,9.040682333333333,0.4444444444444444,1.9671770555555557,7868.710555555556,0.0,Greed,1
2023-12-21,49,537.211402,10.963498000000001,0.5306122448979592,0.6389483469387754,2555.795306122449,0.0,Greed,1
2023-12-22,10,141.832675,14.1832675,0.2,2.2218566,8887.428,0.0,Greed,1
2023-12-23,13,146.936704,11.302823384615383,0.6153846153846154,1.5084273076923078,6033.711538461538,0.0,Greed,1
2023-12-24,39,1008.619956,25.862050153846155,0.38461538461538464,2.5830439743589744,10332.177948717948,0.0,Greed,1
2023-12-25,3,-245.081348,-81.69378266666666,0.0,4.995708333333333,19982.836666666666,0.0,Greed,1
2023-12-27,28,-704.8892269999999,-25.174615249999995,0.14285714285714285,1.53045525,6121.823571428571,0.0,Greed,1
2023-12-28,23,-970.730876,-42.20569026086957,0.0,1.0882304347826086,4352.923913043478,0.0,Greed,1
2023-12-29,50,508.92214299999995,10.178442859999999,0.3,2.8477980200000004,11391.1944,0.0,Greed,1
2023-12-30,52,354.998648,6.826897076923077,0.4423076923076923,3.377644730769231,13510.58096153846,0.0,Greed,1
2024-01-01,18,-129.53146,-7.196192222222223,0.05555555555555555,3.6699926111111107,14679.973888888888,0.0,Greed,1
2024-01-02,17,783.979116,46.11641858823529,0.47058823529411764,1.7845397647058823,7138.1611764705885,0.0,Greed,1
2024-01-03,67,866.015507,12.925604582089552,0.417910447761194,1.4720121044776118,5888.050149253731,0.0,Greed,1
2024-01-04,5,-67.60364,-13.520728,0.0,4.989626400000001,19958.508,0.0,Greed,1
2024-01-05,66,164.141565,2.486993409090909,0.19696969696969696,6.4543278636363635,25817.31303030303,0.0,Greed,1
2024-01-06,22,135.58166400000002,6.16280290909091,0.45454545454545453,3.3922882727272725,13569.154545454547,0.0,Greed,1
2024-01-07,97,-835.681235,-8.615270463917525,0.09278350515463918,2.7032212783505156,10812.887216494846,0.0,Greed,1
2024-01-08,128,-269.874439,-2.1083940546875,0.25,2.9735395625,11894.159609375,0.0,Greed,1
2024-01-09,70,-826.349863,-11.804998042857143,0.2571428571428571,2.9144704,12429.313857142857,0.0,Greed,1
2024-01-10,193,-1517.091342,-7.860576901554404,0.21243523316062177,2.2489371243523317,10660.515440414507,0.0,Greed,1
2024-01-11,21,-164.08950099999998,-7.813785761904761,0.23809523809523808,3.6127224285714283,14538.766666666666,0.0,Greed,1
2024-01-12,7,-1925.519024,-275.0741462857143,0.0,7.068675285714285,28583.181428571428,0.0,Greed,1
2024-01-15,14,152.85358,10.918112857142857,0.6428571428571429,0.9037651428571428,3616.8642857142854,0.0,Neutral,0
2024-01-16,9,-2299.171458,-255.4634953333333,0.3333333333333333,1.9243676666666667,12936.37,0.0,Greed,1
2024-01-17,53,813.2741110000001,15.344794547169812,0.20754716981132076,3.0133510566037733,15110.019433962265,0.0,Greed,1
2024-01-18,46,68.93319,1.4985476086956522,0.06521739130434782,2.014302195652174,9231.120217391304,0.0,Greed,1
2024-01-19,48,-385.419235,-8.029567395833334,0.125,1.9385805833333334,8925.603541666665,0.0,Neutral,0
2024-01-20,106,-146.57487000000003,-1.3827817924528305,0.14150943396226415,2.5237979528301886,10095.193490566038,0.0,Neutral,0
2024-01-21,11,266.58114600000005,24.234649636363642,0.2727272727272727,2.343857272727273,9375.43090909091,0.0,Greed,1
2024-01-22,85,1375.640959,16.18401128235294,0.27058823529411763,0.7938619764705882,3975.0469411764707,0.0,Greed,1
2024-01-23,45,-369.2447299999998,-8.20543844444444,0.24444444444444444,1.9049904444444445,9211.531777777778,0.0,Neutral,0
2024-01-24,68,-2808.353815,-41.29932080882353,0.14705882352941177,3.3495749264705883,14192.42044117647,0.0,Neutral,0
2024-01-25,6,-3093.6293849999997,-515.6048975,0.0,2.773588666666667,11094.355000000001,0.0,Neutral,0
2024-01-26,5,90.2,18.04,0.2,0.088847,2354.642,0.0,Neutral,0
2024-01-28,11,-2478.06972,-225.27906545454545,0.0,-0.03292509090909091,1646.2754545454545,0.0,Neutral,0
2024-01-29,74,486.562542,6.5751694864864865,0.6081081081081081,1.395440608108108,5597.407837837838,0.0,Greed,1
2024-01-30,49,-173.65419100000003,-3.5439630816326537,0.10204081632653061,2.045975714285714,8183.905714285715,0.0,Greed,1
2024-01-31,859,-799.840817,-0.93113017112922,0.2689173457508731,1.8037386204889407,7340.683504074505,0.0,Greed,1
2024-02-01,6,0.0,0.0,0.0,0.08367399999999998,334.69666666666666,0.0,Greed,1
2024-02-02,42,456.423473,10.867225547619048,0.30952380952380953,2.1802294285714288,11292.343571428572,0.0,Greed,1
2024-02-03,56,223.30918699999998,3.9876640535714283,0.10714285714285714,1.9582562321428572,10782.5,0.0,Greed,1
2024-02-04,35,47.62389499999999,1.360682714285714,0.2571428571428571,1.4436251428571427,5805.358,0.0,Greed,1
2024-02-05,72,-33.45419400000003,-0.4646415833333337,0.19444444444444445,2.299298125,10697.198055555556,0.0,Greed,1
2024-02-06,1088,-215.615907,-0.19817638511029412,0.1645220588235294,0.9086461369485294,7396.280707720588,0.0,Greed,1
2024-02-07,15,241.24212,16.082808,0.13333333333333333,0.022646200000000002,450.582,0.0,Greed,1
2024-02-08,10,770.756024,77.07560240000001,0.4,0.3002887,2605.112,0.0,Greed,1
2024-02-11,34,983.443176,28.924799294117648,0.20588235294117646,0.7339791764705882,6244.465294117647,0.0,Greed,1
2024-02-12,16,913.8817869999998,57.11761168749999,0.375,1.6944944375,14202.981249999999,0.0,Greed,1
2024-02-13,14,559.44389,39.960277857142856,1.0,-0.0028565714285714284,142.85642857142858,0.0,Greed,1
2024-02-14,111,3830.599833,34.509908405405405,0.7477477477477478,0.20646372972972976,2890.4493693693694,0.0,Greed,1
2024-02-15,63,1840.797677,29.219010746031746,0.9047619047619048,0.4874015396825397,2939.4926984126987,0.0,Greed,1
2024-02-16,182,5491.768834,30.174554032967034,0.8021978021978022,0.14958884615384616,3103.826978021978,0.0,Greed,1
2024-02-17,94,1929.6418,20.52810425531915,0.648936170212766,0.6601601382978723,4320.405,0.0,Greed,1
2024-02-18,97,477.6248299999999,4.923967319587628,0.6288659793814433,-0.032380670103092785,1619.0532989690723,0.0,Greed,1
2024-02-19,101,4317.768563,42.750183792079206,0.7623762376237624,0.14705564356435644,2835.417821782178,0.0,Greed,1
2024-02-20,39,3263.628824,83.68279035897436,0.7948717948717948,0.07881217948717949,3062.0441025641026,0.0,Greed,1
2024-02-21,22,1858.7985700000002,84.49084409090909,0.6818181818181818,0.13502859090909092,4911.250909090909,0.0,Greed,1
2024-02-22,88,3894.1050699999996,44.25119397727272,0.45454545454545453,0.28923386363636366,4239.02125,0.0,Greed,1
2024-02-23,143,1418.55293,9.91995055944056,0.958041958041958,-0.014455027972027973,776.966013986014,0.0,Greed,1
2024-02-25,5,-30.7705,-6.1541,0.0,-0.01792,896.0260000000001,0.0,Greed,1
2024-02-26,39,4416.8473,113.25249487179488,0.8717948717948718,-0.002505769230769226,4927.875384615385,0.0,Greed,1
2024-02-27,63,888.511733,14.103360841269842,0.4126984126984127,-0.05970807936507937,3323.2111111111108,0.0,Greed,1
2024-02-28,45,2503.747235,55.63882744444444,0.8666666666666667,-0.030603377777777777,3802.380666666667,0.0,Greed,1
2024-02-29,116,9813.996992,84.60342234482759,0.8620689655172413,0.01171625,3410.9200862068965,0.0,Greed,1
2024-03-01,137,8244.241409,60.176944591240876,0.9343065693430657,-0.00399163503649635,3452.370072992701,0.0,Greed,1
2024-03-02,31,230.90060000000005,7.448406451612905,0.6774193548387096,-0.0151331935483871,2038.6309677419354,0.0,Greed,1
2024-03-03,79,8361.086245,105.83653474683545,0.6835443037974683,-0.031735481012658225,4946.1478481012655,0.0,Greed,1
2024-03-04,300,27799.775742,92.66591914,0.8866666666666667,-0.0018648299999999998,5259.989566666667,0.0,Greed,1
2024-03-05,180,19791.026041,109.95014467222222,0.9055555555555556,-0.024658105555555556,4676.724,0.0,Greed,1
2024-03-06,82,6814.825139,83.10762364634145,0.8780487804878049,-0.04091851219512195,3990.4636585365856,0.0,Greed,1
2024-03-08,67,4271.886236,63.7594960597015,0.8805970149253731,-0.0548004328358209,2740.047462686567,0.0,Greed,1
2024-03-09,117,9949.501624,85.03847541880343,0.8290598290598291,0.015827042735042738,5625.459401709401,0.0,Greed,1
2024-03-10,42,2482.9272,59.117314285714286,0.6904761904761905,0.05431123809523809,5237.472619047619,0.0,Greed,1
2024-03-11,42,3588.179495,85.43284511904761,0.9285714285714286,0.2017354761904762,4202.844047619047,0.0,Greed,1
2024-03-12,8,3039.166,379.89575,0.875,0.618244125,12880.10625,0.0,Greed,1
2024-03-13,7,0.0,0.0,0.0,0.30003971428571424,857.2571428571428,0.0,Greed,1
2024-03-14,18,3465.865832,192.5481017777778,0.8888888888888888,0.6509328888888889,11440.732222222221,0.0,Greed,1
2024-03-15,62,6236.513651,100.58892985483871,0.6612903225806451,0.7981452096774193,5675.71629032258,0.0,Greed,1
2024-03-16,8,228.57984,28.57248,0.125,1.316035,4652.9575,0.0,Greed,1
2024-03-17,23,503.293955,21.882345869565217,0.43478260869565216,1.4679708260869564,4326.389130434783,0.0,Greed,1
2024-03-18,19,1456.9577,76.68198421052631,0.3157894736842105,1.3128042105263156,4760.951578947369,0.0,Greed,1
2024-03-19,24,668.797973,27.86658220833333,0.20833333333333334,1.0828463333333334,9161.868333333334,0.0,Greed,1
2024-03-20,69,6423.134599,93.08890723188406,0.8695652173913043,0.5779541739130435,3126.171739130435,0.0,Greed,1
2024-03-21,28,2335.5080749999997,83.41100267857142,0.8214285714285714,0.5855267857142857,4210.556071428572,0.0,Greed,1
2024-03-24,19,1297.018477,68.26413036842105,0.7894736842105263,0.4678335263157895,4873.274210526315,0.0,Greed,1
2024-03-25,7,1302.916428,186.13091828571427,0.8571428571428571,2.855816,8159.4742857142855,0.0,Greed,1
2024-03-26,118,3215.906593,27.253445703389833,0.9322033898305084,0.238537313559322,1682.7558474576272,0.0,Greed,1
2024-03-27,38,150.41114,3.9581878947368416,0.3157894736842105,0.8346829473684211,2628.020789473684,0.0,Greed,1
2024-03-28,13,227.85100799999998,17.527000615384615,0.6923076923076923,0.6968637692307692,2717.209230769231,0.0,Greed,1
2024-03-29,15,883.097404,58.873160266666666,0.4,2.028002,5794.291333333333,0.0,Greed,1
2024-03-30,45,1100.57514,24.45722533333333,0.9777777777777777,0.22087675555555555,2246.753777777778,0.0,Greed,1
2024-03-31,13,912.786145,70.21431884615384,0.7692307692307693,1.0745786153846155,3070.2276923076925,0.0,Greed,1
2024-04-01,77,2507.963406,32.57095332467532,0.5454545454545454,1.087680025974026,4408.7074025974025,0.0,Greed,1
2024-04-02,41,883.760812,21.555141756097562,0.2926829268292683,1.9544530243902436,5845.475853658536,0.0,Greed,1
2024-04-03,4,126.7884,31.6971,0.25,0.41530025,4221.8925,0.0,Greed,1
2024-04-04,32,0.0,0.0,0.0,1.0498651562499999,2999.6165625,0.0,Greed,1
2024-04-05,100,10706.484306,107.06484306,0.9,1.03430138,5037.918,0.0,Greed,1
2024-04-06,16,236.33513399999998,14.770945874999999,0.25,1.4923923125,4263.979375,0.0,Greed,1
2024-04-07,23,0.0,0.0,0.0,0.7606889130434782,2173.397391304348,0.0,Greed,1
2024-04-08,30,1218.4267,40.614223333333335,0.03333333333333333,2.0596849333333336,7064.688,0.0,Greed,1
2024-04-09,3,0.0,0.0,0.0,6.657447,19021.280000000002,0.0,Greed,1
2024-04-10,41,5207.443414,127.01081497560976,0.8780487804878049,3.002623463414634,8578.926097560974,0.0,Greed,1
2024-04-11,16,389.743164,24.35894775,0.125,1.6712705625,4775.06,0.0,Greed,1
2024-04-12,129,-592.6458390000001,-4.594153790697676,0.5503875968992248,0.7562858527131783,3427.0433333333335,0.0,Greed,1
2024-04-13,89,6621.451755,74.3983343258427,0.6853932584269663,1.337069393258427,5465.294943820225,0.0,Greed,1
2024-04-14,107,-36104.012520000004,-337.4206777570094,0.308411214953271,1.995115925233645,6160.394112149533,0.0,Greed,1
2024-04-15,41,3774.08872,92.05094439024391,0.8536585365853658,0.9914781463414633,7100.272926829269,0.0,Greed,1
2024-04-16,47,2467.702221,52.504302574468085,0.9148936170212766,0.3927167021276596,3870.3653191489366,0.0,Greed,1
2024-04-17,14,2441.4683999999997,174.39059999999998,0.9285714285714286,0.7586402142857143,6968.785000000001,0.0,Greed,1
2024-04-19,35,1946.4454620000001,55.61272748571429,0.7714285714285715,3.372578857142857,9635.940571428573,0.0,Greed,1
2024-04-20,22,0.0,0.0,0.0,5.5131385,2760.601818181818,0.9090909090909091,Greed,1
2024-04-22,9,0.0,0.0,0.0,1.8664182222222223,5332.623333333333,0.0,Greed,1
2024-04-23,66,1119.536196,16.962669636363636,0.5303030303030303,1.0804314545454545,3531.1348484848486,0.0,Greed,1
2024-04-24,20,279.185907,13.95929535,0.3,2.4723157999999996,7063.762,0.0,Greed,1
2024-04-25,74,0.0,0.0,0.0,2.16431772972973,1624.8785135135136,0.918918918918919,Greed,1
2024-04-26,3,0.0,0.0,0.0,0.581966,1662.7633333333335,0.0,Greed,1
2024-04-27,27,4281.488139,158.57363477777778,0.7037037037037037,1.999724074074074,5713.498888888889,0.0,Greed,1
2024-04-28,58,0.0,0.0,0.0,0.26543010344827583,758.3724137931034,0.0,Greed,1
2024-04-29,45,526.9338359999999,11.709640799999999,0.37777777777777777,0.8454362222222221,2415.5335555555553,0.0,Greed,1
2024-04-30,24,0.0,0.0,0.0,1.8231895833333331,5209.114583333333,0.0,Greed,1
2024-05-01,14,0.0,0.0,0.0,2.175636285714286,6216.103571428571,0.0,Neutral,0
2024-05-03,36,5306.017045,147.3893623611111,0.4722222222222222,2.7475189166666665,7852.295833333333,0.0,Neutral,0
2024-05-04,9,0.0,0.0,0.0,2.2943954444444445,6555.416666666667,0.0,Greed,1
2024-05-05,6,0.916,0.15266666666666667,0.16666666666666666,1.4021296666666665,4011.391666666667,0.0,Greed,1
2024-05-06,9,968.59038,107.62115333333333,0.4444444444444444,8.011749555555555,22890.714444444442,0.0,Greed,1
2024-05-07,18,883.537693,49.08542738888889,0.5,2.1132811666666664,6039.865555555556,0.0,Greed,1
2024-05-08,13,1.56576,0.12044307692307693,0.07692307692307693,1.7751404615384616,5074.89,0.0,Greed,1
2024-05-09,28,1147.595856,40.985566285714285,0.39285714285714285,2.7745761428571427,7927.361428571428,0.0,Greed,1
2024-05-10,22,2101.741695,95.53371340909092,0.2727272727272727,2.4958495454545453,7131.0,0.0,Greed,1
2024-05-11,9,251.604742,27.956082444444444,1.0,2.459680555555556,7027.661111111111,0.0,Neutral,0
2024-05-12,23,0.0,0.0,0.0,0.8396882173913044,2399.111304347826,0.0,Greed,1
2024-05-13,28,2136.853859,76.31620925,0.35714285714285715,2.4139856785714287,6897.103571428571,0.0,Greed,1
2024-05-14,23,1150.5233050000002,50.02275239130436,0.17391304347826086,2.219508043478261,6341.452173913043,0.0,Greed,1
2024-05-15,36,948.970582,26.360293944444447,0.4722222222222222,2.2839690833333335,6525.626944444444,0.0,Greed,1
2024-05-16,27,214.5898,7.94777037037037,0.18518518518518517,2.108048888888889,6022.998518518518,0.0,Greed,1
2024-05-18,25,3522.3946610000003,140.89578644000002,0.64,1.7682436799999999,5052.1256,0.0,Greed,1
2024-05-19,8,0.0,0.0,0.0,1.3124158750000001,3749.76125,0.0,Greed,1
2024-05-20,10,-74.818442,-7.4818442,0.0,1.3343662,3812.475,0.0,Greed,1
2024-05-21,125,7289.397571999999,58.31518057599999,0.112,3.0826555520000003,8807.588720000002,0.0,Greed,1
2024-05-22,6,0.0,0.0,0.0,2.6247248333333335,7499.215,0.0,Greed,1
2024-05-23,20,0.0,0.0,0.0,1.2958500499999999,3702.4509999999996,0.0,Greed,1
2024-05-24,2,821.949278,410.974639,1.0,8.8920825,25405.949999999997,0.0,Greed,1
2024-05-25,2,0.0,0.0,0.0,4.3762505,12503.574999999999,0.0,Greed,1
2024-05-26,9,773.4582,85.9398,0.2222222222222222,1.9741338888888889,5640.383333333334,0.0,Greed,1
2024-05-29,3,0.0,0.0,0.0,2.43378,4327.66,1.0,Greed,1
2024-06-07,66,7329.223137999999,111.04883542424241,0.45454545454545453,4.171126848484849,11925.133787878787,0.21212121212121213,Greed,1
2024-06-08,7,0.0,0.0,0.0,2.250132428571429,6428.95,0.0,Greed,1
2024-06-09,17,0.0,0.0,0.0,0.4421044117647059,1318.2482352941176,0.7058823529411765,Greed,1
2024-06-10,4,0.0,0.0,0.0,2.10002625,6000.075,0.0,Greed,1
2024-06-11,96,4269.550668,44.474486125,0.08333333333333333,1.2848465208333333,3692.4110416666667,0.6354166666666666,Greed,1
2024-06-12,37,0.0,0.0,0.0,0.006178108108108107,41.1072972972973,1.0,Greed,1
2024-06-13,79,6632.757115,83.95895082278481,0.24050632911392406,0.4227816455696202,1678.1926582278481,0.7341772151898734,Greed,1
2024-06-14,31,10258.592609,330.9223422258064,0.4838709677419355,1.2565830967741936,4511.892258064517,0.0,Greed,1
2024-06-15,78,3369.958346,43.20459417948718,0.48717948717948717,3.223366012820513,9209.61858974359,0.0,Greed,1
2024-06-16,11,0.0,0.0,0.0,0.8029342727272727,2294.0981818181817,0.0,Greed,1
2024-06-17,38,10599.502375,278.9342730263158,0.6578947368421053,3.3929743421052634,9694.213684210526,0.0,Greed,1
2024-06-18,25,282.57636,11.3030544,0.16,2.68641032,10532.5916,0.0,Greed,1
2024-06-19,61,4887.656944,80.12552367213115,0.5081967213114754,2.276258081967213,6837.231475409836,0.0,Greed,1
2024-06-20,39,57478.456026,1473.8065647692308,0.20512820512820512,0.3453602564102564,5333.097435897435,0.0,Greed,1
2024-06-21,80,773.5582039999999,9.66947755,0.0375,0.7659637375,2203.306125,0.6,Greed,1
2024-06-22,24,756.876565,31.536523541666668,0.3333333333333333,1.6888909166666668,7066.427916666667,0.0,Neutral,0
2024-06-23,5,0.0,0.0,0.0,0.035842399999999996,358.424,0.0,Greed,1
2024-06-24,31,0.0,0.0,0.0,3.340354870967742,13000.090322580645,0.0,Neutral,0
2024-06-25,49,4869.353105,99.3745531632653,0.22448979591836735,0.7364214489795918,2104.062857142857,0.0,Fear,0
2024-06-26,72,4197.732182,58.30183586111111,0.2916666666666667,1.7715874999999999,5072.092500000001,0.5694444444444444,Neutral,0
2024-06-27,30,0.0,0.0,0.0,1.5185337333333335,4349.565,0.4,Fear,0
2024-06-29,75,6150.326145,82.0043486,0.32,6.137269746666667,3734.6014666666665,0.10666666666666667,Fear,0
2024-06-30,14,0.0,0.0,0.0,1.2184049285714287,2180.049285714286,0.14285714285714285,Neutral,0
2024-07-01,64,5065.839308,79.1537391875,0.40625,6.645672265625,5666.721093749999,0.0625,Neutral,0
2024-07-02,18,2421.253116,134.514062,0.7222222222222222,0.6365961111111111,1852.6372222222224,0.2777777777777778,Neutral,0
2024-07-03,18,1118.387284,62.132626888888886,0.2222222222222222,3.479371222222222,9977.814444444444,0.3888888888888889,Neutral,0
2024-07-04,25,0.0,0.0,0.0,4.5209858,17222.720400000002,0.12,Fear,0
2024-07-05,32,0.0,0.0,0.0,2.97283490625,8509.0590625,0.375,Fear,0
2024-07-06,24,108.87217799999999,4.53634075,0.2916666666666667,14.34809,103.75708333333334,0.7083333333333334,Fear,0
2024-07-07,10,61.428942,6.1428942,1.0,0.004987500000000001,49.875,0.0,Fear,0
2024-07-08,1,0.0,0.0,0.0,0.0156,497.64,1.0,Fear,0
2024-07-09,15,648.984412,43.265627466666665,1.0,0.026504533333333337,182.42999999999998,0.0,Fear,0
2024-07-10,56,11977.734907,213.88812333928573,0.6785714285714286,4.2993757142857145,12283.93232142857,0.0,Fear,0
2024-07-11,19,1876.812082,98.77958326315789,0.47368421052631576,3.1294969999999998,8941.422105263156,0.0,Fear,0
2024-07-12,19,1412.314654,74.33235021052631,0.47368421052631576,1.6502120526315789,4714.893157894737,0.0,Fear,0
2024-07-13,17,2913.617837,171.38928452941175,1.0,2.865659411764706,8187.599411764706,0.0,Fear,0
2024-07-14,7,0.0,0.0,0.0,4.200055571428572,12000.16142857143,0.0,Fear,0
2024-07-15,21,0.0,0.0,0.0,2.799897,7999.7071428571435,0.0,Neutral,0
2024-07-16,22,0.0,0.0,0.0,2.290917318181818,6545.480454545454,0.0,Greed,1
2024-07-17,16,0.0,0.0,0.0,3.8264835625,10932.811875,0.0,Greed,1
2024-07-18,53,2569.979964,48.490188,0.7735849056603774,4.241973716981132,12119.926603773585,0.0,Greed,1
2024-07-19,16,2120.091364,132.50571025,0.6875,3.196434,9132.66875,0.0,Greed,1
2024-07-20,9,129.66130099999998,14.40681122222222,0.4444444444444444,3.8842090000000002,11097.74111111111,0.0,Greed,1
2024-07-21,3,0.0,0.0,0.0,5.132770666666667,14665.06,0.0,Greed,1
2024-07-22,21,2273.29301,108.2520480952381,0.6190476190476191,3.7551380952380953,10728.97,0.0,Greed,1
2024-07-23,231,88084.992348,381.3203131948052,0.9913419913419913,0.14265249783549785,1166.848095238095,0.0,Greed,1
2024-07-24,52,0.0,0.0,0.0,0.8338368269230769,653.2703846153846,0.6346153846153846,Greed,1
2024-07-25,78,916.7382600000001,11.753054615384617,0.1282051282051282,2.8741784102564103,6776.350128205129,0.02564102564102564,Greed,1
2024-07-26,40,2425.262989,60.63157472499999,0.725,4.0420457249999995,10062.157,0.025,Greed,1
2024-07-27,51,6400.623656,125.50242462745098,0.8235294117647058,6.18166531372549,17661.901764705883,0.0,Greed,1
2024-07-28,3,0.0,0.0,0.0,3.733295333333334,10666.563333333334,0.0,Greed,1
2024-07-29,24,112.946925,4.706121875,0.4583333333333333,4.37851925,12510.05625,0.0,Greed,1
2024-07-30,6,0.0,0.0,0.0,2.1003773333333333,6001.078333333334,0.0,Greed,1
2024-07-31,3,0.0,0.0,0.0,4.667266333333334,13335.046666666667,0.0,Greed,1
2024-08-01,22,0.0,0.0,0.0,4.138410545454545,8139.0654545454545,0.22727272727272727,Neutral,0
2024-08-02,48,554.12049,11.544176875,0.10416666666666667,2.8146248125,7636.526875,0.020833333333333332,Greed,1
2024-08-03,19,0.0,0.0,0.0,2.8994066842105264,7236.375263157895,0.05263157894736842,Fear,0
2024-08-04,99,-108604.496278,-1097.015113919192,0.0,3.8863796767676764,10470.912222222221,0.030303030303030304,Fear,0
2024-08-05,61,-13174.108868,-215.96899783606557,0.4262295081967213,2.493173967213115,5906.64393442623,0.08196721311475409,Fear,0
2024-08-06,80,51.56325,0.644540625,0.0625,0.7716459999999999,758.8422499999999,0.875,Fear,0
2024-08-07,21,188.789255,8.989964523809524,0.47619047619047616,0.168502,94.89190476190477,0.5238095238095238,Fear,0
2024-08-08,5,0.0,0.0,0.0,1.29745,3168.014,0.6,Fear,0
2024-08-09,73,17930.978901,245.6298479589041,0.3561643835616438,2.3264420987671235,6285.868767123287,0.3287671232876712,Neutral,0
2024-08-10,88,0.0,0.0,0.0,0.5691271352272728,128.8555681818182,0.9886363636363636,Fear,0
2024-08-11,24,847.7766200000001,35.32402583333334,0.16666666666666666,1.7054702916666666,1842.9254166666667,0.6666666666666666,Fear,0
2024-08-12,48,858.6705000000001,17.88896875,0.125,0.7514978124999999,1128.4858333333334,0.4791666666666667,Fear,0
2024-08-13,22,212.08102,9.640046363636364,0.36363636363636365,0.8151307727272726,945.3577272727272,0.36363636363636365,Fear,0
2024-08-14,25,2168.9015130000003,86.75606052,0.2,1.8597242399999998,2668.4012,0.6,Fear,0
2024-08-15,12,0.0,0.0,0.0,1.3752175,126.86416666666668,1.0,Fear,0
2024-08-16,35,825.230544,23.578015542857145,0.08571428571428572,2.3196554857142857,4753.795428571429,0.7142857142857143,Fear,0
2024-08-18,14,307.201888,21.942992,0.8571428571428571,1.5701112142857145,4486.033571428571,0.0,Fear,0
2024-08-19,8,339.69958299999996,42.462447874999995,0.625,4.38878225,12539.37875,0.0,Fear,0
2024-08-20,8,192.602844,24.0753555,0.125,1.855781,5302.23375,0.0,Fear,0
2024-08-23,10,1005.30527,100.53052699999999,0.3,2.2228342,6350.956,0.0,Fear,0
2024-08-24,7,0.0,0.0,0.0,1.7499831428571428,4999.952857142857,0.0,Greed,1
2024-08-25,17,0.0,0.0,0.0,1.5472707647058823,1291.1929411764704,0.47058823529411764,Neutral,0
2024-08-26,6,231.236918,38.539486333333336,0.3333333333333333,5.383821999999999,15435.211666666668,0.16666666666666666,Greed,1
2024-08-27,50,0.0,0.0,0.0,1.04107104,1405.0032,0.84,Neutral,0
2024-08-28,9,1333.359645,148.15107166666667,0.2222222222222222,2.767336222222222,7906.674444444444,0.0,Fear,0
2024-08-29,1,0.0,0.0,0.0,3.498547,9995.85,0.0,Fear,0
2024-08-30,5,256.464,51.2928,0.2,2.6062351999999995,7446.51,0.0,Fear,0
2024-08-31,10,0.0,0.0,0.0,3.5000048,10000.11,0.0,Fear,0
2024-09-02,2,0.0,0.0,0.0,5.250074,15000.21,0.0,Fear,0
2024-09-04,34,1065.785132,31.346621529411763,0.14705882352941177,1.8697125588235293,3867.0873529411765,0.7352941176470589,Fear,0
2024-09-06,42,-1104.856765,-26.306113452380952,0.0,0.3253922857142857,929.6928571428571,0.0,Fear,0
2024-09-09,2,0.0,0.0,0.0,17.45395,2007.2150000000001,1.0,Fear,0
2024-09-10,1,0.0,0.0,0.0,6.66721,766.74,1.0,Fear,0
2024-09-11,1,0.0,0.0,0.0,0.0,0.54,0.0,Fear,0
2024-09-14,11,0.0,0.0,0.0,2.7619390909090913,92.25454545454546,0.9090909090909091,Neutral,0
2024-09-18,145,-878.684794,-6.059895131034483,0.0,0.2188478827586207,94.02413793103449,0.07586206896551724,Neutral,0
2024-09-19,19,0.0,0.0,0.0,1.5056663157894736,80.09842105263158,1.0,Neutral,0
2024-09-20,16,9585.03428,599.0646425,0.5,6.8323144375,20804.58625,0.0,Neutral,0
2024-09-21,23,36165.56933,1572.416057826087,1.0,2.5207322173913043,7202.092173913044,0.0,Neutral,0
2024-09-22,3,0.0,0.0,0.0,2.3333023333333336,6666.579999999999,0.0,Neutral,0
2024-09-23,2,334.760796,167.380398,0.5,7.058501000000001,20167.145,0.0,Neutral,0
2024-09-24,10,0.0,0.0,0.0,1.2966142,711.863,0.9,Neutral,0
2024-09-25,9,0.0,0.0,0.0,1.9738529999999999,5861.570000000001,0.0,Greed,1
2024-09-26,8,439.812513,54.976564125,0.25,3.9185255,14213.991250000001,0.0,Neutral,0
2024-09-27,56,0.0,0.0,0.0,0.669701982142857,2251.732857142857,0.0,Greed,1
2024-09-28,4,0.0,0.0,0.0,0.7007800000000001,7299.8025,0.0,Greed,1
2024-09-30,106,2710.626288,25.571946113207545,0.04716981132075472,0.6192224150943396,2025.1872641509435,0.0,Greed,1
2024-10-01,4,0.0,0.0,0.0,12.2460025,34988.58,0.0,Neutral,0
2024-10-02,4,0.0,0.0,0.0,8.746004249999999,24988.585,0.0,Fear,0
2024-10-03,4,0.0,0.0,0.0,10.50078775,30002.25,0.0,Fear,0
2024-10-04,1,0.0,0.0,0.0,0.0,0.34,0.0,Fear,0
2024-10-05,37,5767.161892,155.86924032432432,0.6486486486486487,5.728696513513514,16367.722702702702,0.0,Neutral,0
2024-10-06,22,130.487079,5.9312308636363635,0.22727272727272727,4.774804227272727,13642.298181818182,0.0,Neutral,0
2024-10-07,21,0.0,0.0,0.0,3.6664102857142855,10475.459523809524,0.0,Neutral,0
2024-10-08,36,5396.546638,149.90407327777777,0.9166666666666666,4.225117222222222,12071.781388888889,0.0,Neutral,0
2024-10-09,14,396.06272,28.290194285714286,0.21428571428571427,5.509997642857143,15742.852142857142,0.0,Neutral,0
2024-10-10,16,0.0,0.0,0.0,6.563031875,18751.521249999998,0.0,Fear,0
2024-10-11,26,8885.327477,341.74336450000004,0.6923076923076923,6.581392076923077,18804.007307692307,0.0,Fear,0
2024-10-12,10,541.55471,54.155471,0.7,5.5899684999999995,15971.34,0.0,Neutral,0
2024-10-13,10,0.0,0.0,0.0,2.1000841,6000.242,0.0,Neutral,0
2024-10-14,5,1913.61958,382.72391600000003,1.0,4.3341208,12383.204000000002,0.0,Neutral,0
2024-10-15,7,1170.2260760000001,167.17515371428573,0.5714285714285714,4.058667571428571,11596.194285714286,0.0,Greed,1
2024-10-16,11,219.480876,19.95280690909091,0.2727272727272727,2.5527458181818186,7293.560909090909,0.0,Greed,1
2024-10-17,8,36.11496,4.51437,0.125,6.12640075,17504.00375,0.0,Greed,1
2024-10-18,6,333.219141,55.536523499999994,0.8333333333333334,7.019333,20055.238333333335,0.0,Greed,1
2024-10-19,4,0.0,0.0,0.0,8.749725250000001,24999.215,0.0,Greed,1
2024-10-20,6,229.060526,38.176754333333335,0.8333333333333334,7.0131654999999995,20037.618333333336,0.0,Greed,1
2024-10-21,11,0.0,0.0,0.0,4.7734962727272725,13638.561818181817,0.0,Greed,1
2024-10-22,3,0.0,0.0,0.0,7.000041333333333,20000.12,0.0,Greed,1
2024-10-23,18,-46.489941,-2.5827745,0.0,4.083450611111111,11667.003888888888,0.0,Greed,1
2024-10-25,30,13235.862071,441.19540236666666,0.7,4.794730466666667,14262.772666666666,0.0,Greed,1
2024-10-27,4,666.6623079999999,166.66557699999998,0.75,7.933135,22666.1025,0.0,Greed,1
2024-10-28,9,0.0,0.0,0.0,4.6664449999999995,13332.702222222222,0.0,Greed,1
2024-10-29,37,0.0,0.0,0.0,5.700032675675676,16285.80864864865,0.0,Greed,1
2024-10-31,28,765.475192,27.338399714285714,0.8214285714285714,10.670524642857144,30487.215,0.0,Greed,1
2024-11-01,9,1040.5747959999999,115.61942177777776,0.2222222222222222,8.984542333333334,25670.122222222224,0.0,Greed,1
2024-11-02,2,0.0,0.0,0.0,6.9999985,20000.0,0.0,Greed,1
2024-11-03,4,0.0,0.0,0.0,9.6245055,27498.585,0.0,Greed,1
2024-11-04,26,2259.351364,86.89812938461539,0.5,5.8182198846153845,16623.486153846156,0.0,Greed,1
2024-11-05,10,678.4759280000001,67.8475928,0.5,7.021952400000001,20062.723,0.0,Greed,1
2024-11-06,12,2821.24842,235.10403499999998,0.5833333333333334,3.5556025000000004,10158.865,0.0,Greed,1
2024-11-07,2,628.96246,314.48123,0.5,10.610048500000001,30314.425,0.0,Greed,1
2024-11-08,24,646.3734049999999,26.932225208333332,0.25,3.509356541666667,10026.734583333333,0.0,Greed,1
2024-11-09,9,0.0,0.0,0.0,5.8333493333333335,16666.712222222224,0.0,Greed,1
2024-11-10,8,548.36595,68.54574375,0.75,7.8989285,22568.36875,0.0,Greed,1
2024-11-11,197,1479.677222,7.511051888324873,0.04568527918781726,1.4405776497461928,6255.341472081218,0.0,Greed,1
2024-11-12,74,2053.119744,27.744861405405405,0.16216216216216217,5.02400222972973,14354.293783783784,0.0,Greed,1
2024-11-13,25,7680.907897,307.23631588,0.64,6.82936544,19512.4728,0.0,Greed,1
2024-11-14,41,2348.106228,57.2708836097561,0.34146341463414637,7.238963024390244,21522.69975609756,0.0,Greed,1
2024-11-15,79,2003.536586,25.361222607594936,0.4177215189873418,5.747994886075949,17219.896202531647,0.0,Greed,1
2024-11-16,12,255.14686999999998,21.262239166666664,0.5833333333333334,6.079413916666667,18322.8475,0.0,Greed,1
2024-11-17,94,546.624374,5.815152914893617,0.0851063829787234,2.7021607127659575,12370.335744680851,0.0,Greed,1
2024-11-18,75,3158.176614,42.10902152,0.2,5.034263813333333,25219.814533333334,0.0,Greed,1
2024-11-19,30,1573.210981,52.44036603333333,0.5,3.1974221666666667,10658.076000000001,0.0,Greed,1
2024-11-20,33,2259.775633,68.4780494848485,0.48484848484848486,7.620790848484848,25402.638787878786,0.0,Greed,1
2024-11-21,9,909.745283,101.08280922222222,0.4444444444444444,5.336072444444444,17786.91,0.0,Greed,1
2024-11-22,30,-19401.98745,-646.732915,0.4,4.145974566666666,21336.361,0.0,Greed,1
2024-11-23,9,0.0,0.0,0.0,2.0002235555555554,6667.414444444444,0.0,Greed,1
2024-11-24,33,445.338356,13.495101696969696,0.15151515151515152,4.731294636363637,15770.984848484848,0.0,Greed,1
2024-11-25,30,5059.459732,168.64865773333335,0.3333333333333333,8.6442816,28814.273999999998,0.0,Greed,1
2024-11-26,49,1603.1,32.71632653061224,0.24489795918367346,4.737356387755102,18178.094285714287,0.0,Greed,1
2024-11-27,44,-2848.159792,-64.73090436363636,0.0,8.567125795454546,28557.08818181818,0.0,Greed,1
2024-11-28,94,-131096.684429,-1394.6455790319148,0.06382978723404255,2.4820803936170215,17612.60936170213,0.0,Greed,1
2024-11-29,26,125469.059183,4825.7330455,0.6538461538461539,3.765609521923077,11825.016538461537,0.11538461538461539,Greed,1
2024-11-30,90,12566.48837,139.62764855555554,0.5666666666666667,5.525986177666667,16576.52633333333,0.08888888888888889,Greed,1
2024-12-01,31,337.835516,10.897919870967742,0.5161290322580645,5.842300322580646,19458.21483870968,0.0,Greed,1
2024-12-02,67,754.7378,11.264743283582089,0.08955223880597014,1.405394035074627,5687.648656716418,0.7014925373134329,Greed,1
2024-12-03,154,22392.613443,145.4065807987013,0.7077922077922078,1.8348856558441557,5504.472467532468,0.0,Greed,1
2024-12-04,68,275323.753519,4048.8787282205885,0.7205882352941176,1.5788570188235294,7981.587647058823,0.07352941176470588,Greed,1
2024-12-05,25,51435.563325,2057.422533,0.24,9.3375163568,32479.902400000003,0.08,Greed,1
2024-12-06,197,-93404.83645900001,-474.1362256802031,0.233502538071066,3.304992477918782,16746.186294416246,0.17766497461928935,Greed,1
2024-12-07,38,80857.650079,2127.8328968157894,0.8421052631578947,1.947844997105263,8778.192631578948,0.07894736842105263,Greed,1
2024-12-08,157,-21.54374,-0.13722127388535033,0.0,1.2518803119108282,3712.5328662420384,0.006369426751592357,Greed,1
2024-12-09,120,2350.515482,19.587629016666664,0.08333333333333333,0.9341129648333334,4101.211916666666,0.7666666666666667,Greed,1
2024-12-10,254,10138.668039,39.9160159015748,0.8740157480314961,1.018802515511811,3820.879409448819,0.003937007874015748,Greed,1
2024-12-11,218,278387.902547,1277.0087272798164,0.8302752293577982,1.2207445550458718,5251.205642201835,0.0,Greed,1
2024-12-12,518,451792.002573,872.1853331525097,0.6428571428571429,0.4877290516795367,2709.709594594595,0.1718146718146718,Greed,1
2024-12-13,108,15066.899868999999,139.50833212037037,0.48148148148148145,3.0805038329629633,11313.75962962963,0.027777777777777776,Greed,1
2024-12-14,228,139867.514364,613.4540103684211,0.6008771929824561,0.5477017192982456,2197.1532456140353,0.0,Greed,1
2024-12-15,117,69225.218949,591.668538025641,0.5042735042735043,0.9811726041880342,4486.59282051282,0.28205128205128205,Greed,1
2024-12-16,125,13407.802662,107.262421296,0.408,2.2443042959999997,8084.434719999999,0.0,Greed,1
2024-12-17,158,55764.735496,352.9413638987342,0.7088607594936709,0.7106196772151898,3413.5643037974687,0.006329113924050633,Greed,1
2024-12-18,329,1715.616908,5.21464105775076,0.44680851063829785,1.827915541306991,7032.927659574469,0.1398176291793313,Greed,1
2024-12-19,359,16839.01112,46.90532345403899,0.5988857938718662,1.0923993985793872,5286.0371309192205,0.1977715877437326,Greed,1
2024-12-20,330,4754.791953,14.408460463636363,0.6606060606060606,0.7970222606060605,3053.037,0.0,Greed,1
2024-12-21,209,29041.09194,138.95259301435405,0.5789473684210527,1.6809444258373205,5535.772918660287,0.0,Greed,1
2024-12-22,4,0.0,0.0,0.0,9.7531054925,33206.5025,0.25,Greed,1
2024-12-23,176,33290.456749000004,189.15032243750002,0.5454545454545454,1.1171571299999998,4503.160454545455,0.03409090909090909,Greed,1
2024-12-24,47,2084.697411,44.355264063829786,0.46808510638297873,6.204879914893616,22180.10106382979,0.0,Greed,1
2024-12-25,4,0.0,0.0,0.0,5.93818825,24669.052499999998,0.0,Greed,1
2024-12-26,84,17988.646413,214.15055253571427,0.8214285714285714,2.05773294,6676.738928571428,0.023809523809523808,Greed,1
2024-12-27,24,0.0,0.0,0.0,1.102268875,5280.732083333333,0.0,Greed,1
2024-12-28,44,16.912182,0.38436777272727274,0.06818181818181818,0.9315214090909091,4368.617272727272,0.0,Greed,1
2024-12-29,28,390.062046,13.930787357142858,0.14285714285714285,1.0930986428571428,5345.796071428572,0.0,Greed,1
2024-12-30,62,4235.298688000001,68.31126916129034,0.14516129032258066,3.251480241935484,11009.941451612904,0.0,Greed,1
2024-12-31,47,2301.21954,48.96211787234043,0.0425531914893617,3.141827765957447,10472.761489361701,0.0,Greed,1
2025-01-01,6,0.0,0.0,0.0,2.5024393033333334,8500.586666666668,0.8333333333333334,Greed,1
2025-01-02,81,5829.905466,71.97414155555556,0.7160493827160493,1.7617443703703703,7578.597160493827,0.07407407407407407,Greed,1
2025-01-03,72,3084.287743,42.83732976388889,0.4027777777777778,2.339535055555556,7074.406388888889,0.25,Greed,1
2025-01-04,36,1659.7995640000001,46.10554344444445,0.3611111111111111,1.4273875266666667,3771.0244444444447,0.2222222222222222,Greed,1
2025-01-05,61,1846.8860750000001,30.276820901639347,0.5901639344262295,2.109790343770492,6613.906557377049,0.01639344262295082,Greed,1
2025-01-06,142,3856.893171,27.161219514084507,0.29577464788732394,1.0124941549295774,3074.185633802817,0.4014084507042254,Greed,1
2025-01-07,271,11206.706221,41.35315948708487,0.8154981549815498,0.886833963099631,4084.6135055350555,0.0,Greed,1
2025-01-08,93,3710.36178,39.896363225806454,0.4838709677419355,1.7374048709677419,6301.526989247312,0.17204301075268819,Greed,1
2025-01-09,5,10647.977,2129.5954,0.2,0.760630386,8920.508,0.8,Greed,1
2025-01-10,219,-36229.641811,-165.43215438812786,0.4474885844748858,8.754690347031964,26918.19479452055,0.0,Neutral,0
2025-01-11,109,1559.841529,14.310472743119266,0.24770642201834864,4.281285927339449,14335.835412844037,0.30275229357798167,Greed,1
2025-01-12,87,736.621517,8.466913988505748,0.39080459770114945,6.399509496666666,21440.138735632183,0.13793103448275862,Greed,1
2025-01-13,183,5701.711473,31.156893295081968,0.5519125683060109,4.428815870491803,14285.226174863388,0.19672131147540983,Greed,1
2025-01-14,51,1983.485278,38.891868196078434,0.4117647058823529,3.813803607843137,13216.0,0.0,Greed,1
2025-01-15,86,12853.281673,149.45676363953487,0.6162790697674418,5.57838238372093,19350.40488372093,0.0,Greed,1
2025-01-16,153,6067.707941000001,39.658221836601314,0.43137254901960786,5.5676440326797385,18322.6322875817,0.0718954248366013,Greed,1
2025-01-17,38,5304.377011,139.5888687105263,0.631578947368421,5.440517447368421,17953.083421052634,0.0,Greed,1
2025-01-18,238,9270.283828,38.95077238655462,0.44537815126050423,3.1515700642436975,10223.476344537816,0.07142857142857142,Greed,1
2025-01-19,692,83357.132757,120.45828433092485,0.1994219653179191,2.278536147817919,11295.513901734104,0.07947976878612717,Greed,1
2025-01-20,680,63895.782801,93.96438647205882,0.7235294117647059,2.6787489987941173,10288.450029411764,0.03823529411764706,Greed,1
2025-01-21,144,5950.674575,41.32412899305555,0.4305555555555556,2.468281784722222,9642.304930555554,0.0,Greed,1
2025-01-22,207,3520.518345,17.007335,0.28502415458937197,1.6839907826086957,6498.124347826087,0.0,Greed,1
2025-01-23,175,31974.129505,182.70931145714286,0.64,2.557483557257143,9719.188628571428,0.017142857142857144,Greed,1
2025-01-24,520,6941.28002,13.348615423076923,0.6596153846153846,0.5445365540769231,2663.7050000000004,0.275,Greed,1
2025-01-25,126,4667.601253,37.04445438888889,0.06349206349206349,1.4270437976190478,5441.655952380953,0.626984126984127,Greed,1
2025-01-26,178,38557.643499,216.61597471348313,0.550561797752809,1.882448095505618,5753.349325842697,0.0,Greed,1
2025-01-27,214,2582.715893,12.068765855140187,0.5700934579439252,1.0942742514018693,4193.095093457944,0.32710280373831774,Greed,1
2025-01-28,163,9524.368655,58.4317095398773,0.7852760736196319,0.3037748588957055,1891.7585889570553,0.0,Greed,1
2025-01-29,122,45.381082,0.3719760819672131,0.22950819672131148,0.07910189983606557,1097.1863934426228,0.7049180327868853,Greed,1
2025-01-30,608,19848.012889,32.64475804111842,0.3470394736842105,1.2132943355263157,4145.2287006578945,0.0,Greed,1
2025-01-31,289,7191.753947,24.88496175432526,0.48788927335640137,1.0998296262975777,4516.464567474049,0.0,Greed,1
2025-02-01,246,26223.794232,106.60078956097561,0.5772357723577236,0.6839854145528454,3555.4085365853657,0.2682926829268293,Greed,1
2025-02-02,700,152114.158803,217.30594114714285,0.4471428571428571,1.314168311742857,6725.609828571429,0.35428571428571426,Greed,1
2025-02-03,1456,162736.656137,111.76968141277473,0.4175824175824176,1.8356734734478022,14553.263331043956,0.03159340659340659,Fear,0
2025-02-04,1382,409279.657585,296.1502587445731,0.32778581765557163,2.588948089001447,10333.414167872648,0.0,Greed,1
2025-02-05,784,60902.899253,77.68226945535714,0.39668367346938777,1.2641878133545918,9001.464298469387,0.2193877551020408,Neutral,0
2025-02-06,669,53669.013134,80.22274011061286,0.624813153961136,0.6917619585052317,2441.6261434977578,0.16890881913303438,Neutral,0
2025-02-07,375,13786.764703,36.76470587466667,0.3253333333333333,0.84888151776,3655.7765866666664,0.152,Fear,0
2025-02-08,15,235.47104,15.698069333333333,0.06666666666666667,4.018139799999999,16357.608666666667,0.0,Fear,0
2025-02-09,385,149442.309584,388.16184307532467,0.6077922077922078,1.0166266775584416,7008.348857142857,0.05714285714285714,Neutral,0
2025-02-10,241,58146.232828,241.27067563485477,0.33195020746887965,1.6840672489626556,12464.054398340248,0.0,Fear,0
2025-02-11,523,-9829.955829,-18.79532663288719,0.20076481835564053,0.797540600917782,4598.301357552581,0.21606118546845124,Neutral,0
2025-02-12,793,17485.895642,22.050309762925597,0.4766708701134931,1.3425254211853719,4912.664237074401,0.03278688524590164,Neutral,0
2025-02-13,334,6594.238584,19.743229293413172,0.4101796407185629,0.6986638293413174,2721.9671856287428,0.0,Neutral,0
2025-02-14,765,198049.252863,258.88791223921567,0.681045751633987,0.9336599089150327,3145.890967320261,0.03790849673202614,Neutral,0
2025-02-15,67,4346.743973,64.87677571641791,0.47761194029850745,2.400185324179105,8979.194179104477,0.16417910447761194,Neutral,0
2025-02-16,116,889.161157,7.665182387931035,0.39655172413793105,1.0905753094827586,4148.7814655172415,0.39655172413793105,Neutral,0
2025-02-17,439,1268.4574440000001,2.889424701594533,0.05011389521640091,0.4158289508656037,3592.966651480638,0.8656036446469249,Neutral,0
2025-02-18,625,82441.438865,131.906302184,0.6576,0.646825557088,2977.995632,0.24,Neutral,0
2025-02-19,485,7664.313329,15.80270789484536,0.422680412371134,0.9706100082474227,4315.6661030927835,0.0,Fear,0
2025-02-20,623,38819.251445,62.31019493579455,0.4654895666131621,1.311743526131621,4371.517255216693,0.06260032102728733,Neutral,0
2025-02-21,603,102883.029815,170.6186232421227,0.7014925373134329,0.9179194145936982,3929.9175456053063,0.0,Greed,1
2025-02-22,353,8352.806906,23.662342509915014,0.6373937677053825,1.5918235467422097,5669.693399433428,0.0,Neutral,0
2025-02-23,284,10044.983626,35.369660654929575,0.6795774647887324,0.6561469388028169,2798.8722887323943,0.14084507042253522,Neutral,0
2025-02-24,4571,46087.449033,10.082574717348502,0.4458542988405163,0.370041133471888,2048.330875082039,0.05119229927805732,Neutral,0
2025-02-25,3854,199696.295221,51.81533347716658,0.22314478463933576,0.6062826194888428,3886.02802283342,0.019460300985988582,Fear,0
2025-02-26,583,37122.557306,63.67505541337908,0.9451114922813036,0.6867534390051458,6384.961389365352,0.044596912521440824,Fear,0
2025-02-27,23,8517.7655,370.33763043478257,0.5652173913043478,2.557467913043478,1819.6995652173912,0.43478260869565216,Fear,0
2025-02-28,110,130987.5,1190.7954545454545,0.02727272727272727,1.2860271189090908,13377.359545454547,0.4727272727272727,Fear,0
2025-03-01,59,9482.221441,160.7156176440678,0.6101694915254238,0.13189135593220339,2465.0830508474573,0.0,Fear,0
2025-03-02,63,22869.80529,363.0127823809524,0.9047619047619048,5.51107673015873,19203.189682539683,0.0,Fear,0
2025-03-03,880,554469.014997,630.0784261329545,0.7579545454545454,0.49300251672727274,6898.1932954545455,0.06818181818181818,Fear,0
2025-03-04,940,173965.879955,185.07008505851064,0.11170212765957446,1.024149195893617,6520.514531914894,0.06595744680851064,Fear,0
2025-03-05,1137,230603.801722,202.8177675655233,0.8575197889182058,1.4209097590149515,5676.541248900616,0.0,Fear,0
2025-03-06,174,3767.233234,21.650765712643675,0.22413793103448276,1.3619568505747126,8458.967586206898,0.0,Fear,0
2025-03-07,947,90679.466265,95.75445223336853,0.614572333685322,0.6984126765469905,4622.034508975712,0.03907074973600845,Fear,0
2025-03-08,238,17473.115371,73.41645113865546,0.8067226890756303,0.6689785336134454,2152.8631092436976,0.0,Fear,0
2025-03-09,440,3419.205996,7.770922718181819,0.3522727272727273,0.618342320840909,2737.815590909091,0.01818181818181818,Fear,0
2025-03-10,919,16219.784217,17.64938434929271,0.32752992383025026,1.0717172045266594,6859.344330794343,0.007616974972796518,Fear,0
2025-03-11,2192,39018.832457,17.800562252281022,0.17883211678832117,0.31467556843065697,2704.031177007299,0.0,Fear,0
2025-03-12,3038,293234.208015,96.52212245391705,0.5974325213956551,0.4595700319289006,2948.4995457537852,0.0003291639236339697,Fear,0
2025-03-13,112,3738.3624320000004,33.378236,0.08928571428571429,2.1676535978571425,7977.324196428571,0.15178571428571427,Neutral,0
2025-03-14,2018,66559.00085,32.982656516352826,0.9013875123885035,0.15806049058473737,2250.044707631318,0.0,Fear,0
2025-03-15,67,75369.725117,1124.921270402985,0.582089552238806,0.9802034477611941,4004.517014925373,0.0,Neutral,0
2025-03-16,146,68.893927,0.47187621232876714,0.2328767123287671,0.8100540491780822,5867.258013698631,0.0136986301369863,Fear,0
2025-03-17,346,7066.215779,20.4225889566474,0.5317919075144508,0.7501224161271677,3270.522543352601,0.18208092485549132,Fear,0
2025-03-18,128,68890.59799,538.207796796875,0.171875,1.541242359375,7482.886875,0.0,Fear,0
2025-03-19,425,20122.495172,47.34704746352941,0.4682352941176471,0.9943667106315295,5542.705929411764,0.16705882352941176,Fear,0
2025-03-20,146,5336.321512,36.550147342465756,0.7945205479452054,0.5176022534246576,2666.54,0.0,Neutral,0
2025-03-21,6,0.0,0.0,0.0,9.000217000000001,30000.725000000002,0.0,Fear,0
2025-03-22,87,4520.92947,51.96470655172414,0.9770114942528736,1.1794632873563218,4150.2793103448275,0.0,Fear,0
2025-03-23,10,134.82844,13.482844,0.9,1.2040355999999999,4013.454,0.0,Fear,0
2025-03-24,125,45351.572915,362.81258332,0.344,1.127098,7063.17456,0.0,Neutral,0
2025-03-25,50,738.445836,14.76891672,0.62,1.42794192,7644.4364000000005,0.0,Neutral,0
2025-03-26,173,6175.693754,35.69765175722543,0.4277456647398844,1.0023779424855492,4836.913121387283,0.09826589595375723,Neutral,0
2025-03-27,308,23800.189789,77.27334347077922,0.21428571428571427,1.7520635985714288,6786.437467532467,0.025974025974025976,Fear,0
2025-03-28,369,2812.4077939999997,7.621701338753387,0.23848238482384823,0.8060604159078592,2898.4755013550134,0.14634146341463414,Fear,0
2025-03-29,795,-4164.592801,-5.238481510691823,0.39245283018867927,0.4501275014591195,2352.9819622641508,0.00880503144654088,Fear,0
2025-03-30,360,3.492534,0.009701483333333333,0.002777777777777778,0.7725279046666667,2954.681833333333,0.011111111111111112,Fear,0
2025-03-31,281,4067.911999,14.476555156583629,0.5551601423487544,1.091459269252669,4156.023629893238,0.2597864768683274,Fear,0
2025-04-01,47,1534.8020319999998,32.65536238297872,0.2553191489361702,1.5999686382978724,7409.962127659575,0.0,Fear,0
2025-04-02,789,188440.462883,238.83455371736375,0.9645120405576679,1.1900468517110265,3697.3011406844107,0.0076045627376425855,Fear,0
2025-04-03,1033,6187.240167,5.989583898354308,0.4666021297192643,0.7751663639496611,5069.396214908035,0.01452081316553727,Fear,0
2025-04-04,498,16593.740766,33.32076459036144,0.608433734939759,0.6530551866686747,2558.3845983935744,0.06224899598393574,Fear,0
2025-04-05,59,2441.479757,41.381012830508475,0.2033898305084746,1.0591683389830508,7403.679491525424,0.0,Fear,0
2025-04-06,567,4605.577928,8.122712395061727,0.3844797178130511,0.4885516739303351,3053.9381128747796,0.019400352733686066,Fear,0
2025-04-07,441,-36756.050584,-83.34705347845804,0.2222222222222222,1.1849333299385487,6413.236303854876,0.05668934240362812,Fear,0
2025-04-08,307,25747.265104,83.86731304234527,0.33876221498371334,1.9519886416938113,9048.43039087948,0.0,Fear,0
2025-04-09,334,-6765.930387999999,-20.25727661077844,0.4311377245508982,2.0493522135898203,8428.753353293414,0.029940119760479042,Fear,0
2025-04-10,394,37708.824497,95.70767638832487,0.7182741116751269,4.001049911167513,22568.347791878172,0.0,Fear,0
2025-04-11,103,8490.55473,82.43257019417476,0.10679611650485436,2.8015252912621356,25125.523203883495,0.0,Fear,0
2025-04-12,1434,396530.343872,276.5204629511855,0.20920502092050208,7.465098655667363,36415.32518828452,0.009762900976290097,Fear,0
2025-04-13,329,6966.413809000001,21.174510057750762,0.270516717325228,5.701102519756839,27788.236595744682,0.0,Neutral,0
2025-04-14,305,17995.009275,59.000030409836064,0.32459016393442625,4.655481662295082,29714.981639344263,0.0,Fear,0
2025-04-15,832,48510.968923,58.30645303245193,0.5697115384615384,1.7393049212259617,22358.006021634617,0.001201923076923077,Fear,0
2025-04-16,1139,57757.263262,50.70874737664618,0.3722563652326602,5.073486888498683,30844.336953467955,0.0,Fear,0
2025-04-17,244,1579.707825,6.474212397540984,0.11475409836065574,0.561401737704918,4628.992008196721,0.0,Fear,0
2025-04-18,1186,44823.972322,37.79424310455312,0.5016863406408094,3.6787290056239463,19406.052908937607,0.11551433389544688,Fear,0
2025-04-19,1326,64926.588321,48.96424458597285,0.4343891402714932,4.031486285588235,21201.49600301659,0.06259426847662142,Fear,0
2025-04-20,951,16370.26819,17.21374152471083,0.3228180862250263,1.3092493757728705,9803.334342797056,0.19978969505783387,Fear,0
2025-04-21,1019,34620.18294299999,33.97466432090284,0.4210009813542689,5.940678599607458,39584.0928263003,0.0,Fear,0
2025-04-22,830,76426.431186,92.08003757349398,0.6156626506024097,4.621941610843374,31971.714566265062,0.0,Neutral,0
2025-04-23,989,38850.135167,39.28223980485339,0.6349848331648129,3.0036005631951466,13727.460364004046,0.0,Greed,1
2025-04-24,1492,41206.056841,27.618000563672922,0.4497319034852547,4.693473568364611,22241.57189678284,0.0,Greed,1
2025-04-25,1006,18973.372341,18.860211074552684,0.44831013916500995,6.1040401712524845,26638.361829025846,0.10536779324055666,Greed,1
2025-04-26,907,-808.4183190000001,-0.8913101642778392,0.12679162072767364,2.853716234840132,12628.3821168688,0.0,Greed,1
2025-04-27,163,504.774376,3.0967753128834357,0.3374233128834356,0.08349207116564417,1411.428527607362,0.4785276073619632,Greed,1
2025-04-28,697,38702.572171,55.527363229555235,0.5322812051649928,8.285499415552367,36055.146441893834,0.014347202295552367,Neutral,0
2025-04-29,1047,117761.291571,112.47496807163323,0.45367717287488063,4.559975022922636,30600.217717287487,0.0,Greed,1
2025-04-30,601,10470.606956,17.421974968386024,0.17803660565723795,4.668742818635607,19678.534026622296,0.0,Greed,1
2025-05-01,667,165470.937007,248.08236432833584,0.5727136431784108,2.8271436907046477,12189.652863568215,0.25337331334332835,Neutral,0
